{
  "timestamp": "2025-09-21T10:56:39.708443",
  "mt5_connected": true,
  "mt5_login_id": 1511525932,
  "mt5_server": "FTMO-Demo",
  "broker_ping_ms": 0.16880035400390625,
  "last_tick_age_ms": 144101858.64543915,
  "account_balance": 9946.73,
  "account_equity": 9946.73,
  "margin_level": 0.0,
  "open_positions": 0,
  "internet_connected": true
}