{
  "timestamp": "2025-09-23T19:27:21.451239",
  "mt5_connected": true,
  "mt5_login_id": 1511525932,
  "mt5_server": "FTMO-Demo",
  "broker_ping_ms": 0.07987022399902344,
  "last_tick_age_ms": -10798415.150403976,
  "account_balance": 9943.93,
  "account_equity": 9943.93,
  "margin_level": 0.0,
  "open_positions": 0,
  "internet_connected": true
}