{
  "timestamp": "2025-09-19T14:23:23.295920+00:00",
  "counters": {
    "rtp.data_events": 474
  },
  "gauges": {
    "rtp.loop_avg_ms": 50.467999499232974,
    "rtp.loop_p95_ms": 50.809400039725006,
    "rtp.callback_p95_ms": 0.02989999484270811,
    "rtp.feed_to_cb_p95_ms": 0.0,
    "rtp.events_per_sec": 19.77647637576294,
    "rtp.symbols_active": 1.0
  }
}