{
  "timestamp": "2025-09-18T17:00:47.760510",
  "mt5_connected": true,
  "mt5_login_id": 1511525932,
  "mt5_server": "FTMO-Demo",
  "broker_ping_ms": 0.15997886657714844,
  "last_tick_age_ms": -10798139.229297638,
  "account_balance": 9947.33,
  "account_equity": 9947.33,
  "margin_level": 0.0,
  "open_positions": 0,
  "internet_connected": true
}