{
  "timestamp": "2025-09-22T18:09:02.370741",
  "mt5_connected": true,
  "mt5_login_id": 1511525932,
  "mt5_server": "FTMO-Demo",
  "broker_ping_ms": 0.05125999450683594,
  "last_tick_age_ms": -10709559.232234955,
  "account_balance": 9943.93,
  "account_equity": 9943.93,
  "margin_level": 0.0,
  "open_positions": 0,
  "internet_connected": true
}